,mae,rmse,r2,coverage_95
v2,0.0028210448991114333,0.00431318348729817,0.8073045287069963,0.995253164556962
