Overall_MSE,Overall_MAE,Overall_RMSE,Overall_R2,Residual_Std,Bull_mse,Bull_mae,Bull_rmse,Bull_count,Bull_std_actual,Bull_std_pred,Crisis_mse,Crisis_mae,Crisis_rmse,Crisis_count,Crisis_std_actual,Crisis_std_pred,Normal_mse,Normal_mae,Normal_rmse,Normal_count,Normal_std_actual,Normal_std_pred
0.00011811217890396976,0.008026328520851474,0.010867942717182942,-0.00016537350073608792,0.010858274818929464,3.431804945918802e-05,0.004556586784035234,0.005858160928071883,263,0.005836343452047525,8.367192e-05,0.0003064755870882272,0.014371635603130957,0.017506444158886955,177,0.01745531394988852,0.00013151104,8.9056993287939e-05,0.007484998760489525,0.009437001286846314,389,0.009411657382711472,0.00020424198
