Overall_MSE,Overall_MAE,Overall_RMSE,Overall_R2,Coverage_95,Average_Interval_Width,Bull_mse,Bull_mae,Bull_rmse,Bull_coverage_95,Bull_interval_width_95,Bull_count,Bull_std_actual,Bull_std_pred,Crisis_mse,Crisis_mae,Crisis_rmse,Crisis_coverage_95,Crisis_interval_width_95,Crisis_count,Crisis_std_actual,Crisis_std_pred,Normal_mse,Normal_mae,Normal_rmse,Normal_coverage_95,Normal_interval_width_95,Normal_count,Normal_std_actual,Normal_std_pred
0.0001184102167032717,0.008031771231532345,0.010881645863713435,-0.0026891359918042035,0.1712907117008444,0.003410447142882352,3.468821596814456e-05,0.004597951787705454,0.005889670276691605,0.2585551330798479,0.0033503476297597054,263,0.005836343452047525,0.00016188096,0.000308436362997984,0.014429493462122684,0.017562356419284515,0.03954802259887006,0.0034768421019484483,177,0.01745531394988852,0.0004278871,8.854969819215182e-05,0.0074423051104834555,0.00941008491949737,0.17223650385604114,0.0034208694158812127,389,0.009411657382711472,0.0004147886
