Overall_MSE,Overall_MAE,Overall_RMSE,Overall_R2,Coverage_95,Average_Interval_Width,Bull_mse,Bull_mae,Bull_rmse,Bull_coverage_95,Bull_interval_width_95,Bull_count,Bull_std_actual,Bull_std_pred,Crisis_mse,Crisis_mae,Crisis_rmse,Crisis_coverage_95,Crisis_interval_width_95,Crisis_count,Crisis_std_actual,Crisis_std_pred,Normal_mse,Normal_mae,Normal_rmse,Normal_coverage_95,Normal_interval_width_95,Normal_count,Normal_std_actual,Normal_std_pred
0.00011848134401431795,0.008033472674369461,0.010884913597007464,-0.0032914369084311446,0.1218335343787696,0.002611830779432209,3.4638617664768944e-05,0.004593034472241085,0.005885458152494923,0.18631178707224336,0.0025079751630880665,263,0.005836343452047525,8.332014e-05,0.00030832107782220367,0.014419673555237102,0.017559073945462036,0.04519774011299435,0.002961317544114546,177,0.01745531394988852,0.00035977544,8.87872672686511e-05,0.007453723808678433,0.00942269957436037,0.11311053984575835,0.0025230258173492676,389,0.009411657382711472,0.00027841618
