Overall_MSE,Overall_MAE,Overall_RMSE,Overall_R2,Coverage_95,Average_Interval_Width,Bull_mse,Bull_mae,Bull_rmse,Bull_coverage_95,Bull_interval_width_95,Bull_count,Bull_std_actual,Bull_std_pred,Crisis_mse,Crisis_mae,Crisis_rmse,Crisis_coverage_95,Crisis_interval_width_95,Crisis_count,Crisis_std_actual,Crisis_std_pred,Normal_mse,Normal_mae,Normal_rmse,Normal_coverage_95,Normal_interval_width_95,Normal_count,Normal_std_actual,Normal_std_pred
0.00011827740478729114,0.00802580441698135,0.010875541585929923,-0.0015644943097634645,0.1471652593486128,0.0030714535917728348,3.475727912055042e-05,0.004602728086875117,0.005895530435893824,0.23193916349809887,0.0030328983899694907,263,0.005836343452047525,0.000102329235,0.00030791109281201145,0.014391967807681856,0.017547395613367,0.04519774011299435,0.00342541061649492,177,0.01745531394988852,0.00019734462,8.845897360471353e-05,0.007443434634626462,0.009405263080037344,0.13624678663239073,0.002936465480457849,389,0.009411657382711472,0.00019372084
