Overall_MSE,Overall_MAE,Overall_RMSE,Overall_R2,Coverage_95,Avg_Interval_Width
2.802996320893329e-05,0.004025358234869387,0.005294333122210322,0.9100377090217274,0.95,0.01789926070247278
